[ec2-user@ip-10-1-10-62 ~]$ mysql -h udacity-secondary.c5uhi9n1xgho.ap-southeast-1.rds.amazonaws.com -P 3306 -u admin -p
Enter password:
Welcome to the MariaDB monitor.  Commands end with ; or \g.
Your MySQL connection id is 10
Server version: 8.0.20 Source distribution

Copyright (c) 2000, 2018, Oracle, MariaDB Corporation Ab and others.

Type 'help;' or '\h' for help. Type '\c' to clear the current input statement.

MySQL [(none)]> use udacity
Reading table information for completion of table and column names
You can turn off this feature to get a quicker startup with -A

Database changed
MySQL [udacity]> SELECT * FROM Persons;
+----------+----------+-----------+---------+--------+
| PersonID | LastName | FirstName | Address | City   |
+----------+----------+-----------+---------+--------+
|        1 | Tyler    | Lee       | Address | Taipei |
+----------+----------+-----------+---------+--------+
1 row in set (0.00 sec)

MySQL [udacity]> INSERT INTO Persons (PersonID,LastName,FirstName,Address,City) VALUES(2,"Shih-Lang","Cha ","Address","Taipei");
Query OK, 1 row affected (0.01 sec)

MySQL [udacity]> SELECT * FROM Persons;
+----------+-----------+-----------+---------+--------+
| PersonID | LastName  | FirstName | Address | City   |
+----------+-----------+-----------+---------+--------+
|        1 | Tyler     | Lee       | Address | Taipei |
|        2 | Shih-Lang | Cha       | Address | Taipei |
+----------+-----------+-----------+---------+--------+
2 rows in set (0.00 sec)